,label,area,centroid-0,centroid-1,axis_major_length,axis_minor_length,orientation,perimeter,intensity_mean
0,14,1969.0,375.5109192483494,33.443372270187915,86.58602373416247,32.27374289815103,1.3965520500232647,211.88225099390857,226.00609446419503
1,29,882.0,372.29931972789115,104.30045351473923,74.61492501073654,16.551794138019968,-1.1210338725422875,164.89444430272832,225.36848072562358
2,50,96.0,214.83333333333334,379.3645833333333,12.669883829069557,10.020122913533855,-0.7616965752643926,37.21320343559643,216.28125
3,54,150.0,236.64,346.8,18.613803446692977,11.067642985201532,-1.0258777839099598,57.35533905932738,216.93333333333334
4,58,109.0,285.1559633027523,4.770642201834862,14.439504475666979,10.24623999354473,-0.008651906560619097,40.04163056034261,218.67889908256882
5,59,92.0,288.35869565217394,42.130434782608695,13.041047723027171,9.359501131539304,-1.3777040130928349,35.21320343559643,220.07608695652175
