,label,area,centroid-0,centroid-1,axis_major_length,axis_minor_length,orientation,perimeter,intensity_mean
0,3,141.0,236.53900709219857,81.1063829787234,17.363592293901522,10.777022409733942,0.47668721625108934,49.11269837220809,207.4964539007092
1,6,113.0,298.88495575221236,226.30088495575222,13.768518418471201,10.659136321184315,-0.25960784272114934,40.2842712474619,205.61061946902655
2,19,83.0,370.6144578313253,259.421686746988,14.75866269306956,7.372656661682802,0.8093343420698637,36.2842712474619,207.48192771084337
