,label,area,centroid-0,centroid-1,axis_major_length,axis_minor_length,orientation,perimeter,intensity_mean
0,5,4503.0,365.8023539862314,54.11392405063291,108.26861847233768,57.178298565586836,-1.531873529753744,355.9066376115481,184.62691538974016
1,19,101.0,226.94059405940595,7.712871287128713,15.227614287015534,9.21963326016425,-0.5114413679198885,43.112698372208094,180.0
2,24,243.0,354.1028806584362,10.25925925925926,25.17094567547945,14.209835954314604,-0.7933486200487991,69.35533905932738,183.15637860082305
