,label,area,centroid-0,centroid-1,axis_major_length,axis_minor_length,orientation,perimeter,intensity_mean
0,9,3122.0,344.89461883408075,369.11755285073673,97.37336315911885,42.079116471801896,-0.25732591625437673,245.7228714274745,202.3814862267777
1,12,117.0,7.3076923076923075,383.5811965811966,13.421034899271612,11.399467130908565,0.9775416612303489,42.04163056034261,190.69230769230768
2,14,284.0,32.232394366197184,371.53169014084506,33.10612452585836,12.876667337747003,-0.2434773049758073,89.74011537017762,186.52464788732394
3,20,225.0,76.52,380.84,27.08433324133678,10.964822721624992,0.7063493281118077,63.01219330881976,188.8088888888889
4,28,97.0,202.41237113402062,258.6185567010309,13.076106815764483,10.240794107760061,0.960330862397137,40.526911934581186,178.04123711340208
