,label,area,centroid-0,centroid-1,axis_major_length,axis_minor_length,orientation,perimeter,intensity_mean
0,5,396.0,29.207070707070706,347.739898989899,28.28133601090655,18.6074158406176,-1.0034976711258263,93.63961030678927,228.79545454545453
1,6,480.0,57.079166666666666,113.41666666666667,31.452751547077817,19.843883135504786,-0.677127429939555,91.05382386916237,230.32083333333333
2,10,167.0,116.23353293413173,132.874251497006,18.261606987428646,12.760299013264913,-1.2841413080149424,55.698484809834994,231.70658682634732
