,label,area,centroid-0,centroid-1,axis_major_length,axis_minor_length,orientation,perimeter,intensity_mean
0,3,120.0,4.733333333333333,304.21666666666664,17.307236101232665,9.17445854790896,1.376546243145962,43.21320343559643,146.60833333333332
1,6,117.0,11.196581196581196,321.6837606837607,17.09282163840474,9.113337606048805,1.366144959555957,45.698484809834994,140.4102564102564
