,label,area,centroid-0,centroid-1,axis_major_length,axis_minor_length,orientation,perimeter,intensity_mean
0,33,89.0,99.24719101123596,245.1011235955056,12.33488446377311,9.81922707713019,1.074694951627552,36.04163056034262,115.20224719101124
