,label,area,centroid-0,centroid-1,axis_major_length,axis_minor_length,orientation,perimeter,intensity_mean
0,9,84.0,107.91666666666667,239.58333333333334,12.047412350181393,9.688948791307025,-1.2574681145711122,36.2842712474619,184.14285714285714
1,10,88.0,107.45454545454545,223.57954545454547,12.445761546798263,9.585291487934388,1.301747658850988,37.45584412271571,173.72727272727272
2,20,108.0,157.8148148148148,71.63888888888889,13.759197433247664,10.868460952172825,0.24193653769198983,42.2842712474619,163.88888888888889
3,26,87.0,193.51724137931035,152.183908045977,12.200215510631965,9.409562424699896,1.5411240665584833,35.21320343559643,175.08045977011494
