,label,area,centroid-0,centroid-1,axis_major_length,axis_minor_length,orientation,perimeter,intensity_mean
0,2,2898.0,27.094547964113183,78.82574189095928,77.9421266787997,49.818177424509535,-0.8124478148657877,225.69343417595167,222.06590752242926
1,6,1650.0,42.29818181818182,20.023636363636363,52.73711419530942,41.97058610081184,-0.6691646349028727,168.65180361560903,219.0478787878788
2,15,1226.0,95.73817292006525,13.841761827079935,49.944917921295186,35.28408858075168,0.06594063379317182,146.36753236814712,216.76590538336052
3,21,104.0,12.10576923076923,124.5,13.464705074123707,10.102533579379411,0.21104943793297878,38.62741699796952,219.72115384615384
4,23,90.0,16.555555555555557,187.01111111111112,13.710470551653339,8.556639741861266,0.8076869715499612,36.04163056034262,219.32222222222222
5,39,160.0,90.05,44.10625,21.96940871066116,9.717224701730707,0.6497467883238689,53.94112549695428,211.79375
6,48,118.0,136.07627118644066,25.872881355932204,15.470025155852618,9.910852822296462,-1.2936462058561569,40.384776310850235,209.05084745762713
