,label,area,centroid-0,centroid-1,axis_major_length,axis_minor_length,orientation,perimeter,intensity_mean
0,24,114.0,35.3859649122807,68.3157894736842,15.186032511444077,9.686402774493581,0.9064249491435049,39.45584412271571,209.14912280701753
1,28,128.0,68.2109375,31.4609375,16.32819985134769,10.560708380096917,-0.23908407975155818,44.62741699796952,201.5234375
2,29,223.0,72.47085201793722,10.90134529147982,22.78348074982604,15.41675785132434,1.3078719419540308,74.91168824543142,197.7847533632287
