,label,area,centroid-0,centroid-1,axis_major_length,axis_minor_length,orientation,perimeter,intensity_mean
0,3,331.0,11.099697885196374,333.41389728096675,22.974213836130815,18.770476972954366,0.16795884851524215,72.42640687119285,228.32628398791542
