,label,area,centroid-0,centroid-1,axis_major_length,axis_minor_length,orientation,perimeter,intensity_mean
0,9,155.0,277.98709677419356,53.9741935483871,22.767621216099666,9.92469264290588,0.3550973090828385,57.112698372208094,197.71612903225807
1,11,177.0,295.01129943502826,46.836158192090394,20.45912950510677,11.651160156660175,-0.2649348629477241,56.526911934581186,197.31638418079095
