,label,area,centroid-0,centroid-1,axis_major_length,axis_minor_length,orientation,perimeter,intensity_mean
0,17,553.0,258.8245931283906,81.18083182640144,34.756707648472116,23.361865644886816,-1.3261744622050058,120.64570696119917,203.42314647377938
1,29,127.0,248.88188976377953,50.46456692913386,15.511900932925107,11.059780437366056,-0.16938768864554682,47.11269837220809,207.15748031496062
2,32,92.0,259.5,56.391304347826086,13.132045535119522,9.130188615068327,-0.58582199099783,36.2842712474619,207.08695652173913
3,33,117.0,264.7350427350427,65.02564102564102,14.269753300670182,10.773156293646368,-0.4561163532480804,41.45584412271571,205.17094017094018
