,label,area,centroid-0,centroid-1,axis_major_length,axis_minor_length,orientation,perimeter,intensity_mean
0,10,267.0,134.1198501872659,236.10861423220973,32.102130672365995,10.944231422389958,0.08712815355653449,73.45584412271572,151.08614232209737
1,11,101.0,145.68316831683168,335.9504950495049,13.762982426733503,9.642333213102322,-1.350930432828825,38.87005768508881,142.69306930693068
