,label,area,centroid-0,centroid-1,axis_major_length,axis_minor_length,orientation,perimeter,intensity_mean
0,61,85.0,312.2823529411765,31.094117647058823,12.879565790137793,8.625172558651144,1.3883059870100602,35.21320343559643,91.15294117647059
1,62,81.0,318.5308641975309,61.49382716049383,11.570812046421866,9.15850616214062,-1.1327922777683204,33.21320343559643,89.22222222222223
