,label,area,centroid-0,centroid-1,axis_major_length,axis_minor_length,orientation,perimeter,intensity_mean
0,70,266.0,322.70676691729324,126.28571428571429,25.20346904817085,15.108562763216415,-1.2234008644144256,78.32590180780451,143.4624060150376
