,label,area,centroid-0,centroid-1,axis_major_length,axis_minor_length,orientation,perimeter,intensity_mean
0,29,627.0,372.8038277511962,367.44178628389153,34.156599536199685,27.985180123333144,0.07489384188706735,136.65180361560903,185.63795853269536
1,60,78.0,353.21794871794873,355.14102564102564,11.419925673565686,9.203922414603928,-1.119820989954584,33.45584412271571,182.62820512820514
2,70,133.0,384.89473684210526,379.6616541353383,16.472147996123457,11.264990447970536,1.4563013191576786,46.04163056034262,193.99248120300751
