,label,area,centroid-0,centroid-1,axis_major_length,axis_minor_length,orientation,perimeter,intensity_mean
0,18,98.0,246.03061224489795,70.1938775510204,16.16754727817078,7.868441556357501,0.23110668601759626,40.2842712474619,97.42857142857143
1,21,163.0,271.6871165644172,67.30674846625767,23.216753014834673,9.370170721352714,0.07261967233530821,56.52691193458119,105.31288343558282
