,label,area,centroid-0,centroid-1,axis_major_length,axis_minor_length,orientation,perimeter,intensity_mean
0,10,274.0,108.10583941605839,319.6094890510949,21.010805626788834,17.627528303481075,-0.26180568345415994,73.49747468305833,198.28467153284672
1,20,161.0,93.26086956521739,320.8695652173913,18.55694996999191,11.514734396254834,0.9157361593467555,52.18376618407356,196.7639751552795
