,label,area,centroid-0,centroid-1,axis_major_length,axis_minor_length,orientation,perimeter,intensity_mean
0,21,130.0,128.53076923076924,377.34615384615387,16.605087626621113,10.545155080958514,-0.8783347764593894,46.526911934581186,169.55384615384617
1,25,101.0,138.64356435643563,361.8514851485148,12.713083907986459,10.48297854532141,1.069290656842304,37.45584412271571,167.40594059405942
2,32,313.0,163.08306709265176,353.3226837060703,30.92430320691381,15.421466066529891,1.4257953950573032,103.3319984622144,168.6070287539936
3,60,138.0,247.9855072463768,345.5144927536232,17.118261236479025,11.184960370910972,0.8138931015472167,50.52691193458118,169.8840579710145
