,label,area,centroid-0,centroid-1,axis_major_length,axis_minor_length,orientation,perimeter,intensity_mean
0,4,217.0,147.20276497695852,230.8294930875576,17.239180088031297,17.11579278953619,-1.2435789687340735,63.840620433565945,215.31336405529953
1,9,214.0,257.9485981308411,127.50467289719626,18.55605471915291,15.440096003265337,0.9721845401181181,59.35533905932738,209.47196261682242
2,10,93.0,255.46236559139786,99.59139784946237,11.838119940111858,10.151720856271048,1.5495887621366846,36.04163056034262,207.09677419354838
