,label,area,centroid-0,centroid-1,axis_major_length,axis_minor_length,orientation,perimeter,intensity_mean
0,2,448.0,8.703125,35.017857142857146,30.63477296653243,19.52075082348226,-1.5599276667876656,90.66904755831213,229.26116071428572
1,47,79.0,164.1139240506329,151.22784810126583,12.117519771152462,8.690214296207632,-1.4502077289346154,34.62741699796952,219.0759493670886
