,label,area,centroid-0,centroid-1,axis_major_length,axis_minor_length,orientation,perimeter,intensity_mean
0,31,326.0,326.39877300613495,21.01840490797546,26.779646368999128,16.131558582557926,-0.2756728518936673,78.32590180780451,158.4478527607362
1,34,477.0,341.10901467505244,70.80922431865828,43.62211522653979,17.192552841909855,-0.9285165949926746,119.92388155425118,160.26834381551362
2,39,255.0,344.3333333333333,8.6,21.16413264714161,17.521990266204522,1.0338607925341632,75.25483399593904,159.52549019607844
3,49,277.0,383.2815884476534,47.15523465703971,25.46750000409362,14.598521392200988,-1.4753658641020946,69.01219330881975,156.09025270758121
4,107,162.0,324.44444444444446,66.95061728395062,15.701891181369309,14.344241837701697,-0.20006738843688576,58.18376618407356,154.80864197530863
5,110,98.0,337.7142857142857,63.55102040816327,12.213908597674273,10.935955101658218,-0.47380707216164525,39.698484809834994,156.91836734693877
6,112,98.0,341.1530612244898,33.42857142857143,14.597571098328634,8.848230119915499,-1.03502861763592,39.698484809834994,161.8469387755102
7,114,96.0,347.6041666666667,87.19791666666667,16.671912874237183,7.708024426420101,0.9655477900606965,41.698484809834994,154.76041666666666
8,117,247.0,363.1497975708502,6.574898785425101,22.81330791819317,14.685741288899429,-0.12483678898544831,67.35533905932738,162.53846153846155
