,label,area,centroid-0,centroid-1,axis_major_length,axis_minor_length,orientation,perimeter,intensity_mean
0,5,675.0,27.05037037037037,236.5037037037037,39.6673235383346,22.203979443177325,0.5900480701659717,121.19595949289334,211.83703703703705
1,7,162.0,8.549382716049383,244.58641975308643,16.30320715872735,13.192684484885342,0.5121217081642243,53.11269837220809,211.56172839506172
2,8,99.0,5.848484848484849,256.19191919191917,12.72861802441351,10.418291492652614,0.3631741331446896,38.62741699796952,210.34343434343435
3,9,204.0,6.754901960784314,276.1519607843137,18.858573991717808,14.844422463386445,-1.457118400273406,62.76955262170047,211.58333333333334
4,12,156.0,15.66025641025641,287.62179487179486,19.353890068988136,10.952541652595015,-0.23721676554952162,55.11269837220809,214.27564102564102
5,14,125.0,27.808,351.464,16.214615259257222,10.14749683391243,-0.02230667462983227,44.04163056034261,209.008
6,15,140.0,33.792857142857144,359.2785714285714,20.668353582382185,9.129520238515616,-0.7296314396361245,52.76955262170047,208.85714285714286
7,21,88.0,56.38636363636363,283.27272727272725,11.524255048089692,10.232494431017008,1.3008639481577036,34.62741699796952,212.20454545454547
