,label,area,centroid-0,centroid-1,axis_major_length,axis_minor_length,orientation,perimeter,intensity_mean
0,2,1418.0,27.744710860366713,75.12270803949224,71.68055854138014,32.26790227777839,0.21871008034663142,211.1787155501902,191.32087447108603
1,4,103.0,7.524271844660194,38.54368932038835,14.16627249796506,9.681082552514416,-0.3250133578442065,42.2842712474619,174.39805825242718
2,5,162.0,4.993827160493828,96.38888888888889,21.35495288580003,10.125871755886887,1.4276469028984697,54.04163056034262,185.62962962962962
3,10,91.0,17.32967032967033,20.571428571428573,15.927991835815286,7.518143324575377,1.0572699302730326,37.45584412271571,186.8021978021978
4,13,82.0,31.75609756097561,100.3170731707317,10.793722639674677,10.032072962513114,-0.35766507751739945,32.62741699796952,178.6829268292683
