,label,area,centroid-0,centroid-1,axis_major_length,axis_minor_length,orientation,perimeter,intensity_mean
0,12,86.0,359.8255813953488,384.95348837209303,13.456254563139932,9.419842441806566,-0.6397168911945603,38.87005768508881,101.4186046511628
