,label,area,centroid-0,centroid-1,axis_major_length,axis_minor_length,orientation,perimeter,intensity_mean
0,25,102.0,67.50980392156863,28.715686274509803,15.190392390908043,8.849295655849106,-0.10913422499037065,40.87005768508881,196.85294117647058
