,label,area,centroid-0,centroid-1,axis_major_length,axis_minor_length,orientation,perimeter,intensity_mean
0,77,288.0,343.5173611111111,145.73958333333334,27.0883485963419,14.532275592738696,1.1660669042721095,80.8111831820431,220.1875
1,187,156.0,338.31410256410254,162.64743589743588,20.45252066089141,11.253436330896816,-1.4850223602544372,61.390872965260115,213.96794871794873
2,188,131.0,339.7022900763359,178.51908396946564,14.121467246317122,13.441984750170862,0.4849903193119254,48.2842712474619,212.2824427480916
