,label,area,centroid-0,centroid-1,axis_major_length,axis_minor_length,orientation,perimeter,intensity_mean
0,24,1486.0,227.08613728129205,272.5699865410498,48.62266991885012,45.30185424149138,0.21151266082594494,193.27922061357856,204.35935397039032
1,49,734.0,281.3692098092643,365.69891008174386,51.187029551108225,19.126292178206448,-1.2966202013716337,128.71067811865476,201.95640326975476
2,60,255.0,215.3921568627451,344.7529411764706,20.864182962419132,16.27296692517734,-0.7265024274252293,65.01219330881976,195.23921568627452
3,67,179.0,229.58100558659217,187.268156424581,16.990935669490653,13.53320216255628,1.4958946885279094,48.04163056034262,200.3631284916201
4,78,82.0,290.7682926829268,385.0731707317073,11.389761306058226,9.67076954301037,0.5351399124058802,34.62741699796952,202.8170731707317
