,label,area,centroid-0,centroid-1,axis_major_length,axis_minor_length,orientation,perimeter,intensity_mean
0,80,605.0,378.3157024793388,342.0,43.18186983961397,21.28109835688776,1.516025528163943,133.095454429505,170.17685950413224
1,172,95.0,336.29473684210524,349.14736842105265,12.464003431819759,10.02972745671673,0.19856861766562584,36.62741699796952,163.93684210526317
2,175,208.0,354.5480769230769,328.58653846153845,23.37464801668642,12.061054073433613,0.4248213711197087,66.08326112068524,165.28846153846155
3,180,89.0,377.9438202247191,315.6629213483146,13.259264430490544,9.060835320655718,-0.13334343641543295,39.698484809834994,172.8876404494382
