,label,area,centroid-0,centroid-1,axis_major_length,axis_minor_length,orientation,perimeter,intensity_mean
0,40,635.0,379.71811023622047,95.56062992125985,41.71541730441339,20.785046628455188,1.5527955690572932,124.02438661763951,172.44094488188978
1,126,82.0,371.6707317073171,9.012195121951219,13.89098464047268,7.854535527167684,0.6163652355849965,35.45584412271571,168.6951219512195
2,133,124.0,384.4516129032258,71.36290322580645,16.36832437426912,9.843833507086144,1.3719364987225509,42.87005768508881,169.73387096774192
