,label,area,centroid-0,centroid-1,axis_major_length,axis_minor_length,orientation,perimeter,intensity_mean
0,13,28408.0,330.0966629118558,282.73979160799774,302.4724682130758,138.4093995169568,-1.2542034909483348,891.2274887854692,227.99809912700647
1,15,13456.0,331.1696640903686,97.64766646848989,228.42683423152727,79.44788526230111,-1.115888479489184,733.5828278447967,223.5104042806183
2,25,273.0,240.5897435897436,124.8058608058608,20.68404185236493,18.31098002526021,1.5440207208756231,65.59797974644667,222.01098901098902
3,39,151.0,236.3774834437086,346.9933774834437,17.219638567700212,11.925186304051323,-1.010431051715343,53.94112549695428,217.97350993377484
4,42,180.0,251.13333333333333,192.05,23.492077960637204,11.190176534314435,1.0519982968343229,59.941125496954285,211.62777777777777
5,48,79.0,304.37974683544303,38.151898734177216,12.273123061256594,8.43202345008673,1.3343016472733091,33.45584412271571,220.22784810126583
6,49,226.0,377.429203539823,99.5,18.8743183024664,15.623850138741933,-1.2479976203265992,56.91168824543142,225.26106194690266
