,label,area,centroid-0,centroid-1,axis_major_length,axis_minor_length,orientation,perimeter,intensity_mean
0,11,278.0,15.79496402877698,340.9280575539568,23.218635570147754,17.36435457435978,-0.6539541635306345,79.63961030678928,194.8021582733813
1,59,101.0,67.4059405940594,318.2970297029703,13.97401332368477,9.96456634530516,-0.9524954702555073,41.112698372208094,199.5049504950495
