,label,area,centroid-0,centroid-1,axis_major_length,axis_minor_length,orientation,perimeter,intensity_mean
0,13,106.0,378.5566037735849,324.60377358490564,17.43400753739888,8.185452058435263,-0.7475208598970138,43.698484809834994,115.77358490566037
