,label,area,centroid-0,centroid-1,axis_major_length,axis_minor_length,orientation,perimeter,intensity_mean
0,18,416.0,87.21153846153847,11.802884615384615,29.026248006161083,19.88197990416654,0.509704236154486,95.88225099390857,183.4375
1,21,236.0,5.470338983050848,73.79661016949153,29.447004147572283,11.0497193010644,-1.4724840945999957,71.35533905932738,174.14406779661016
2,23,213.0,15.572769953051644,76.88732394366197,24.603378101329596,13.009242266215495,1.4494183207020133,79.7401153701776,173.57276995305165
3,24,143.0,24.60839160839161,61.6993006993007,20.853113102872964,9.738667479901292,-0.0117947705164721,56.18376618407356,172.6153846153846
4,26,146.0,27.65068493150685,82.4931506849315,14.166613903676877,13.674713863093986,1.4892086332901702,49.35533905932738,171.63698630136986
