,label,area,centroid-0,centroid-1,axis_major_length,axis_minor_length,orientation,perimeter,intensity_mean
0,24,796.0,378.31658291457285,371.1683417085427,43.439881691753705,24.35427508920499,-1.3039480979379803,122.5685424949238,170.38316582914572
1,56,109.0,384.20183486238534,344.1467889908257,13.611749093480318,10.372815294660251,-1.105446381309836,37.798989873223334,150.1651376146789
