,label,area,centroid-0,centroid-1,axis_major_length,axis_minor_length,orientation,perimeter,intensity_mean
0,8,678.0,153.42330383480825,17.01769911504425,48.63985027505185,19.636243542044216,-0.6128186860689437,142.23759005323595,129.55457227138643
1,24,281.0,317.2633451957295,26.352313167259787,25.086476506993627,15.08033516454951,0.004098409375449007,73.1543289325507,121.2170818505338
2,30,97.0,153.46391752577318,33.845360824742265,12.077375530180293,11.066879633966746,-0.2424252208256784,40.45584412271571,106.35051546391753
3,31,169.0,166.98224852071007,34.0,17.800826909696312,13.141067295629934,-1.2440001013523454,53.35533905932738,122.43786982248521
4,32,396.0,330.37373737373736,10.414141414141413,46.40143059807794,14.652502566199091,0.16768327454054877,118.88225099390857,120.58838383838383
5,34,81.0,351.65432098765433,8.308641975308642,12.390271698448815,8.959892497339109,0.387213076282628,34.62741699796952,114.11111111111111
6,36,113.0,385.1061946902655,69.07964601769912,14.594384711203285,10.567769599483643,1.5693369824513657,40.62741699796952,132.91150442477877
7,38,89.0,385.1573033707865,312.75280898876406,12.13470321755965,9.95518713819347,-1.3528401268514973,36.04163056034261,109.80898876404494
