,k,Best solidity,Best circularity,F_Beta Score
0,0,0.8,0.55,0.03531300160513644
1,1,0.0,0.6,0.07313195548489666
2,2,0.85,0.5,0.06007905138339921
