,label,area,centroid-0,centroid-1,axis_major_length,axis_minor_length,orientation,perimeter,intensity_mean
0,68,450.0,379.3622222222222,11.88888888888889,26.88995119626765,23.469752242862647,0.9076302636626347,93.01219330881976,223.61111111111111
1,75,327.0,48.149847094801224,38.079510703363916,32.167576148622594,16.898077903956498,-0.793767032683687,100.46803743153546,208.56269113149847
2,105,232.0,220.82758620689654,7.547413793103448,19.74248768430656,15.494109018589945,0.23985531173459737,62.18376618407356,226.95689655172413
