,label,area,centroid-0,centroid-1,axis_major_length,axis_minor_length,orientation,perimeter,intensity_mean
0,2,2855.0,26.87215411558669,79.1586690017513,77.36023085419413,49.32084870772914,-0.8179941781189977,224.4507934888324,219.10087565674255
1,4,3551.0,38.78428611658688,135.01774148127288,104.13507174596853,45.01721085594018,-1.0090937863028302,273.4629867976521,219.76823430019712
2,7,1665.0,41.81621621621622,20.248048048048048,52.63592460446522,42.65280646507594,-0.7018663830424482,168.40916292848976,215.7963963963964
3,15,1252.0,95.42492012779553,13.967252396166135,50.57980220741482,35.805891713204375,0.07577439503464388,147.78174593052023,213.54952076677316
4,21,735.0,157.42448979591836,20.312925170068027,47.088902876909955,20.413889939577086,-1.2054884665518306,114.91168824543142,216.6530612244898
5,25,90.0,11.055555555555555,124.84444444444445,11.719718560765727,10.065920959240538,0.13884106437653956,34.384776310850235,217.14444444444445
6,26,105.0,16.142857142857142,185.52380952380952,14.763646920870377,9.275881943605272,0.8301205738824676,39.11269837220809,220.16190476190476
7,36,144.0,89.70833333333333,44.604166666666664,21.29202015075856,8.86965113367063,0.6243734286465942,50.526911934581186,207.45833333333334
8,48,129.0,136.015503875969,23.085271317829456,16.301209288488856,10.551240932776443,-1.130239823510245,42.87005768508881,213.62790697674419
