,label,area,centroid-0,centroid-1,axis_major_length,axis_minor_length,orientation,perimeter,intensity_mean
0,3,325.0,48.73230769230769,368.08307692307693,24.642288359215797,17.493182057707447,0.2877789491204212,80.8111831820431,199.46461538461537
1,5,223.0,9.354260089686099,383.50224215246635,23.131562433311117,13.153077703273322,0.3606855712828565,59.45584412271571,208.3677130044843
2,7,82.0,55.13414634146341,384.1951219512195,11.505908440591487,9.116316678941828,-1.3964438287116872,31.556349186104043,201.52439024390245
