,label,area,centroid-0,centroid-1,axis_major_length,axis_minor_length,orientation,perimeter,intensity_mean
0,10,935.0,376.2085561497326,58.96470588235294,39.45125726666609,31.794512022544865,-1.417385011149684,143.6812408671319,181.38609625668448
1,21,415.0,364.3397590361446,26.074698795180723,34.85265343488156,16.323599639894894,1.2009419727446475,97.63961030678928,176.00481927710842
2,38,140.0,352.09285714285716,60.45,16.5562794212613,11.444159881729583,1.5026004529865087,50.76955262170047,168.47142857142856
3,43,128.0,375.2265625,17.25,16.31845748842982,11.391297385978858,1.4733617354482957,51.76955262170047,161.1796875
4,44,125.0,381.36,4.656,17.294538664768567,9.494627763784383,0.06974122873521477,46.04163056034262,161.624
5,45,282.0,384.0673758865248,25.822695035460992,31.32435745409144,12.347070092597503,-1.49453521093806,86.7401153701776,182.52482269503545
