,label,area,centroid-0,centroid-1,axis_major_length,axis_minor_length,orientation,perimeter,intensity_mean
0,39,600.0,342.565,381.04333333333335,42.161247275085735,18.925421627129786,-0.06878454649822398,115.88225099390857,198.89166666666668
1,92,152.0,291.1644736842105,378.57236842105266,17.45948844218277,12.035787018490353,-1.326770801582677,53.59797974644666,196.70394736842104
2,114,97.0,360.319587628866,357.70103092783506,15.2411634044282,8.75928719520927,-0.1943676788031151,41.698484809834994,200.4742268041237
3,116,186.0,365.88709677419354,365.6290322580645,19.941985525361662,14.281260336387918,-0.18528322355512938,68.66904755831213,196.38172043010752
4,118,281.0,376.1708185053381,382.270462633452,24.906688446272717,15.358064346862827,0.03646695020730265,82.32590180780451,195.7081850533808
