,label,area,centroid-0,centroid-1,axis_major_length,axis_minor_length,orientation,perimeter,intensity_mean
0,25,933.0,83.11682743837085,12.284030010718114,64.52734568562235,22.568100426068604,-0.2728421856778478,211.2497833620557,218.6902465166131
1,39,88.0,23.204545454545453,24.818181818181817,13.183087320154447,8.898858341583106,0.5312592037830564,38.2842712474619,219.8409090909091
2,41,94.0,31.93617021276596,46.691489361702125,12.937558036680803,9.62541242925262,0.24457387473865774,38.8700576850888,205.13829787234042
3,42,97.0,34.597938144329895,70.74226804123711,13.565138048493056,9.475286630005233,0.23222732309571284,37.45584412271571,227.51546391752578
4,56,96.0,53.84375,40.125,11.766242509407626,10.835816176449699,0.22002674743773026,38.04163056034262,214.1875
5,59,100.0,58.9,56.32,14.582082796284585,9.154477665181185,-0.26683173976348723,41.698484809834994,214.26
6,63,271.0,66.87084870848709,41.22509225092251,29.537520185512076,12.677950101680354,-1.5677998963484565,88.71067811865476,215.15867158671585
7,69,115.0,79.0695652173913,30.234782608695653,13.64620479167758,11.542923849825813,-0.6541908463069268,44.76955262170047,216.61739130434782
8,98,519.0,228.69942196531792,385.4913294797688,72.47185027404937,9.329896764285335,0.0035611761414718573,145.94112549695427,221.8651252408478
