,label,area,centroid-0,centroid-1,axis_major_length,axis_minor_length,orientation,perimeter,intensity_mean
0,14,3127.0,344.93156379916854,369.1023345059162,97.44839462700845,42.01968866523445,-0.2556244507398917,242.06601717798213,202.5807483210745
1,17,550.0,21.592727272727274,377.9236363636364,45.523585941200835,17.28218924797613,-0.4730438619674715,132.2670273047588,186.98909090909092
2,20,269.0,76.11895910780669,378.6617100371747,26.673959636738612,13.372141287657696,0.8005874638782283,71.25483399593904,185.45353159851302
3,34,100.0,202.33,258.59,12.987665940735186,10.52276263211649,0.9398036551871062,39.698484809834994,177.13
