,label,area,centroid-0,centroid-1,axis_major_length,axis_minor_length,orientation,perimeter,intensity_mean
0,3,2495.0,51.5751503006012,95.5066132264529,128.30230787599513,28.339416444899086,0.5536478024069906,336.65894629054543,190.76152304609218
1,14,295.0,46.6135593220339,116.67796610169492,29.207784276820362,13.999360188938173,0.8742836803949047,79.9827560572969,182.13898305084746
2,16,475.0,54.94105263157895,141.86526315789473,32.71204043483038,20.796597195487358,0.2772017761127799,100.8111831820431,182.61684210526315
3,19,82.0,5.158536585365853,47.9390243902439,13.392633030009462,8.053488521790694,-1.1306360203013328,35.21320343559643,182.58536585365854
4,59,93.0,114.23655913978494,116.44086021505376,14.727033092923921,8.40965589143821,0.6012487679662318,36.62741699796952,185.41935483870967
