,label,area,centroid-0,centroid-1,axis_major_length,axis_minor_length,orientation,perimeter,intensity_mean
0,11,1299.0,374.97459584295615,296.86297151655117,51.73852066678213,32.60985846513489,-1.5379656595031506,150.0243866176395,213.09853733641262
1,18,352.0,347.2556818181818,282.72159090909093,33.839108453693065,14.659512587638533,1.5632678726300158,91.98275605729688,210.52272727272728
