,label,area,centroid-0,centroid-1,axis_major_length,axis_minor_length,orientation,perimeter,intensity_mean
0,6,632.0,363.21835443037975,53.028481012658226,30.94132335451087,29.671372018085798,0.6274870324766534,124.8528137423857,226.1139240506329
1,13,255.0,347.5960784313726,7.741176470588235,19.59673369111533,17.38659241280725,-0.2424937168118814,60.2842712474619,230.21176470588236
2,19,213.0,381.4835680751174,113.04225352112677,18.955891245277737,15.711691940948631,0.7491086148147698,69.84062043356595,222.21596244131456
