,label,area,centroid-0,centroid-1,axis_major_length,axis_minor_length,orientation,perimeter,intensity_mean
0,39,178.0,339.39325842696627,246.41573033707866,20.12732137522044,11.715233562324375,1.369093069127476,53.941125496954285,197.9438202247191
