,label,area,centroid-0,centroid-1,axis_major_length,axis_minor_length,orientation,perimeter,intensity_mean
0,4,96.0,4.239583333333333,144.59375,14.73392470781491,8.622785798491316,-1.5079791639450753,38.04163056034262,210.9375
1,11,160.0,12.2125,157.475,18.19594106883907,12.352134577445945,0.1995506074780472,55.840620433565945,216.28125
2,12,90.0,8.511111111111111,130.0888888888889,13.168122042381471,9.279903623403813,1.505615272566925,36.62741699796952,207.32222222222222
3,34,113.0,131.83185840707964,5.9734513274336285,13.435795213476926,11.424544145116444,1.5665610514189494,40.62741699796952,194.01769911504425
